<!-- [ Mirror metadata ] generatedAt: 1458178605053 -->
<!-- Generated screen file. Fill the id tags below with content with
which to populate your previewed layout. For a complete specification
of sample data, please see http://jimulabs.com/sample-data-specifications/ 

Valid attributes on <screen> tag: theme="@style/someTheme" inEditMode="false" overlay="@drawable/mockup" -->
<screen>
    <_content layout="@layout/activity_invitation_deatil_top_view">
        <!-- TextView Examples:
        <titleText text="@string/string_resource" />
        <titleText text="Text literal" textSize="14sp" /> -->
        <titleText />
        <userName />
        <AddTime />
        <webview url="http://jimulabs.com" />
        <fabuyu />
        <allPinglun />
    </_content>
</screen>
