<!-- [ Mirror metadata ] generatedAt: 1458178605052 -->
<!-- Generated screen file. Fill the id tags below with content with
which to populate your previewed layout. For a complete specification
of sample data, please see http://jimulabs.com/sample-data-specifications/ 

Valid attributes on <screen> tag: theme="@style/someTheme" inEditMode="false" overlay="@drawable/mockup" -->
<screen>
    <_content layout="@layout/activity_help_data_web_view">
        <!-- ImageView Examples:
        <backBUt src="@drawable/image_resource" />
        <backBUt src="relative_path/image.jpg" /> -->
        <backBUt />
        <!-- TextView Examples:
        <tv_top_title text="@string/string_resource" />
        <tv_top_title text="Text literal" textSize="14sp" /> -->
        <tv_top_title />
        <tv_right_title />
        <WebTexts />
        <webview url="http://www.google.com" />
    </_content>
</screen>
