<!-- [ Mirror metadata ] generatedAt: 1458178605068 -->
<!-- Generated screen file. Fill the id tags below with content with
which to populate your previewed layout. For a complete specification
of sample data, please see http://jimulabs.com/sample-data-specifications/ 

Valid attributes on <screen> tag: theme="@style/someTheme" inEditMode="false" overlay="@drawable/mockup" -->
<screen>
    <_content layout="@layout/activity_splash_view">
        <!-- TextView Examples:
        <tiaoguoBut text="@string/string_resource" />
        <tiaoguoBut text="Text literal" textSize="14sp" /> -->
        <tiaoguoBut />
        <textData />
        <pager>
            <!-- Add pages to your ViewPager here like so:
            <_page title="page title" icon="@drawable/my_icon"/>
            <_page layout="@layout/my_page_layout">
                <my_image_view src="@drawable/my_image"/>
            </_page>
            -->
        </pager>
        <!-- ImageView Examples:
        <welcomeBg src="@drawable/image_resource" />
        <welcomeBg src="relative_path/image.jpg" /> -->
        <welcomeBg />
    </_content>
</screen>
