<!-- [ Mirror metadata ] generatedAt: 1458178605060 -->
<!-- Generated screen file. Fill the id tags below with content with
which to populate your previewed layout. For a complete specification
of sample data, please see http://jimulabs.com/sample-data-specifications/ 

Valid attributes on <screen> tag: theme="@style/someTheme" inEditMode="false" overlay="@drawable/mockup" -->
<screen>
    <actionbar showTabsFor="@id/view_pager"/>
    <_content layout="@layout/activity_my_comment_view">
        <!-- ImageView Examples:
        <back_but src="@drawable/image_resource" />
        <back_but src="relative_path/image.jpg" /> -->
        <back_but />
        <!-- TextView Examples:
        <tv_top_title text="@string/string_resource" />
        <tv_top_title text="Text literal" textSize="14sp" /> -->
        <tv_top_title />
        <tv_right_title />
        <view_pager>
            <!-- Add pages to your ViewPager here like so:
            <_page title="page title" icon="@drawable/my_icon"/>
            <_page layout="@layout/my_page_layout">
                <my_image_view src="@drawable/my_image"/>
            </_page>
            -->
        </view_pager>
    </_content>
</screen>
