<!-- [ Mirror metadata ] generatedAt: 1458178605078 -->
<!-- Generated screen file. Fill the id tags below with content with
which to populate your previewed layout. For a complete specification
of sample data, please see http://jimulabs.com/sample-data-specifications/ 

Valid attributes on <screen> tag: theme="@style/someTheme" inEditMode="false" overlay="@drawable/mockup" -->
<screen>
    <_content layout="@layout/adapter_activity_red_packet_unused_item">
        <!-- ImageView Examples:
        <redImage src="@drawable/image_resource" />
        <redImage src="relative_path/image.jpg" /> -->
        <redImage />
        <!-- TextView Examples:
        <moneyTag text="@string/string_resource" />
        <moneyTag text="Text literal" textSize="14sp" /> -->
        <moneyTag />
        <redMoney />
        <manMoney />
        <nameRed />
        <endTime />
    </_content>
</screen>
