<!-- [ Mirror metadata ] generatedAt: 1458178605093 -->
<!-- Generated screen file. Fill the id tags below with content with
which to populate your previewed layout. For a complete specification
of sample data, please see http://jimulabs.com/sample-data-specifications/ 

Valid attributes on <screen> tag: theme="@style/someTheme" inEditMode="false" overlay="@drawable/mockup" -->
<screen>
    <_content layout="@layout/home_fragment">
        <!-- ImageView Examples:
        <munuBut src="@drawable/image_resource" />
        <munuBut src="relative_path/image.jpg" /> -->
        <munuBut />
        <logo />
        <messageBut />
        <errorInfo />
        <progreView />
    </_content>
</screen>
