<!-- [ Mirror metadata ] generatedAt: 1458178604987 -->
<!-- Generated screen file. Fill the id tags below with content with
which to populate your previewed layout. For a complete specification
of sample data, please see http://jimulabs.com/sample-data-specifications/ 

Valid attributes on <screen> tag: theme="@style/someTheme" inEditMode="false" overlay="@drawable/mockup" -->
<screen>
    <actionbar showTabsFor="@id/rc_pager"/>
    <_content layout="@layout/rc_ac_preview">
        <rc_pager>
            <!-- Add pages to your ViewPager here like so:
            <_page title="page title" icon="@drawable/my_icon"/>
            <_page layout="@layout/my_page_layout">
                <my_image_view src="@drawable/my_image"/>
            </_page>
            -->
        </rc_pager>
        <!-- TextView Examples:
        <rc_msg text="@string/string_resource" />
        <rc_msg text="Text literal" textSize="14sp" /> -->
        <rc_msg />
    </_content>
</screen>
