<!-- [ Mirror metadata ] generatedAt: 1458178604987 -->
<!-- Generated screen file. Fill the id tags below with content with
which to populate your previewed layout. For a complete specification
of sample data, please see http://jimulabs.com/sample-data-specifications/ 

Valid attributes on <screen> tag: theme="@style/someTheme" inEditMode="false" overlay="@drawable/mockup" -->
<screen>
    <_content layout="@layout/rc_fr_public_service_inf">
        <!-- TextView Examples:
        <name text="@string/string_resource" />
        <name text="Text literal" textSize="14sp" /> -->
        <name />
        <account />
        <func />
        <description />
        <rc_layout>
            <!-- Replace this FrameLayout with a fragment like so:
            <_content layout="@layout/my_fragment_layout">
                <my_text_view>TextView in fragment</my_text_view>
            </_content>
            -->
        </rc_layout>
    </_content>
</screen>
