<!-- [ Mirror metadata ] generatedAt: 1458178605037 -->
<!-- Generated screen file. Fill the id tags below with content with
which to populate your previewed layout. For a complete specification
of sample data, please see http://jimulabs.com/sample-data-specifications/ 

Valid attributes on <screen> tag: theme="@style/someTheme" inEditMode="false" overlay="@drawable/mockup" -->
<screen>
    <_content layout="@layout/rc_wi_vo_popup">
        <!-- ImageView Examples:
        <android-icon src="@drawable/image_resource" />
        <android-icon src="relative_path/image.jpg" /> -->
        <android-icon />
        <!-- TextView Examples:
        <android-text1 text="@string/string_resource" />
        <android-text1 text="Text literal" textSize="14sp" /> -->
        <android-text1 />
        <android-message />
    </_content>
</screen>
