<!-- [ Mirror metadata ] generatedAt: 1458178605105 -->
<!-- Generated screen file. Fill the id tags below with content with
which to populate your previewed layout. For a complete specification
of sample data, please see http://jimulabs.com/sample-data-specifications/ 

Valid attributes on <screen> tag: theme="@style/someTheme" inEditMode="false" overlay="@drawable/mockup" -->
<screen>
    <_content layout="@layout/shop_car_fragment">
        <!-- ImageView Examples:
        <iv_shao src="@drawable/image_resource" />
        <iv_shao src="relative_path/image.jpg" /> -->
        <iv_shao />
        <!-- TextView Examples:
        <tv_top_title text="@string/string_resource" />
        <tv_top_title text="Text literal" textSize="14sp" /> -->
        <tv_top_title />
        <tv_right_title />
        <errorInfo />
        <progreView />
        <isImage />
        <buy_now />
    </_content>
</screen>
